,continuation prompt,explanation prompt,continuation,explanation,implied sequence,implied continuation,correct,consistent,invalid
0,"Here are some examples of sequence continuations.
Q: 4,5,6,7
A: 8
Q: 10,12,14,16
A: 18
Q: 2176782336,101559956668416,4738381338321616896,221073919720733357899776
A: 10314424798490535546171949056
Q: 16,256,4096,65536
A: 1048576
What is the most likely continuation of the following sequence?
Give the response as a number (with a base prefix if appropriate), with no additional commentary.

The sequence is in base 10.
Q: 3,6,9,12
A: ","
Here are some examples of sequence explanations, i.e. python functions
which generated the preceding sequences base 10. Assume the first number was generated by f(0),
the second by f(1), the third by f(2), and so on.


Q: 4,5,6,7
Explanation: lambda x: [i for i in range(100) if i % (3 + 1) or i % (6 + 1)][(x + 3)]

Q: 10,12,14,16
Explanation: lambda x: (2 * (x + 3)) + 4

Q: 2176782336,101559956668416,4738381338321616896,221073919720733357899776
Explanation: lambda x: 6 ** (6 * (x + 2))

Q: 16,256,4096,65536
Explanation: lambda x: 2 ** (4 * (x + 1))

What is the most likely function which generated the following sequence?
Assume the first number was generated by f(0), the second by f(1), the third by f(2), and so on.
The function should output the number in the same representation as the sequence.
Give the response in the format:
Explanation: <function>

The sequence is in base 10.
Q: 3,6,9,12
A: ", 15, Explanation: lambda x: 3 * (x + 1),,,,,True
1,"Here are some examples of sequence continuations.
Q: 4,5,6,7
A: 8
Q: 10,12,14,16
A: 18
Q: 2176782336,101559956668416,4738381338321616896,221073919720733357899776
A: 10314424798490535546171949056
Q: 16,256,4096,65536
A: 1048576
What is the most likely continuation of the following sequence?
Give the response as a number (with a base prefix if appropriate), with no additional commentary.

The sequence is in base 10.
Q: 6,9,12,15
A: ","
Here are some examples of sequence explanations, i.e. python functions
which generated the preceding sequences base 10. Assume the first number was generated by f(0),
the second by f(1), the third by f(2), and so on.


Q: 4,5,6,7
Explanation: lambda x: [i for i in range(100) if i % (3 + 1) or i % (6 + 1)][(x + 3)]

Q: 10,12,14,16
Explanation: lambda x: (2 * (x + 3)) + 4

Q: 2176782336,101559956668416,4738381338321616896,221073919720733357899776
Explanation: lambda x: 6 ** (6 * (x + 2))

Q: 16,256,4096,65536
Explanation: lambda x: 2 ** (4 * (x + 1))

What is the most likely function which generated the following sequence?
Assume the first number was generated by f(0), the second by f(1), the third by f(2), and so on.
The function should output the number in the same representation as the sequence.
Give the response in the format:
Explanation: <function>

The sequence is in base 10.
Q: 6,9,12,15
A: ", 18, Explanation: lambda x: (3 * (x + 2)) + 3,,,,,True
2,"Here are some examples of sequence continuations.
Q: 4,5,6,7
A: 8
Q: 10,12,14,16
A: 18
Q: 2176782336,101559956668416,4738381338321616896,221073919720733357899776
A: 10314424798490535546171949056
Q: 16,256,4096,65536
A: 1048576
What is the most likely continuation of the following sequence?
Give the response as a number (with a base prefix if appropriate), with no additional commentary.

The sequence is in base 10.
Q: 9,12,15,18
A: ","
Here are some examples of sequence explanations, i.e. python functions
which generated the preceding sequences base 10. Assume the first number was generated by f(0),
the second by f(1), the third by f(2), and so on.


Q: 4,5,6,7
Explanation: lambda x: [i for i in range(100) if i % (3 + 1) or i % (6 + 1)][(x + 3)]

Q: 10,12,14,16
Explanation: lambda x: (2 * (x + 3)) + 4

Q: 2176782336,101559956668416,4738381338321616896,221073919720733357899776
Explanation: lambda x: 6 ** (6 * (x + 2))

Q: 16,256,4096,65536
Explanation: lambda x: 2 ** (4 * (x + 1))

What is the most likely function which generated the following sequence?
Assume the first number was generated by f(0), the second by f(1), the third by f(2), and so on.
The function should output the number in the same representation as the sequence.
Give the response in the format:
Explanation: <function>

The sequence is in base 10.
Q: 9,12,15,18
A: ", 21, Explanation: lambda x: (3 * (x + 1)) + 3,,,,,True
3,"Here are some examples of sequence continuations.
Q: 4,5,6,7
A: 8
Q: 10,12,14,16
A: 18
Q: 2176782336,101559956668416,4738381338321616896,221073919720733357899776
A: 10314424798490535546171949056
Q: 16,256,4096,65536
A: 1048576
What is the most likely continuation of the following sequence?
Give the response as a number (with a base prefix if appropriate), with no additional commentary.

The sequence is in base 10.
Q: 0,3,6,9
A: ","
Here are some examples of sequence explanations, i.e. python functions
which generated the preceding sequences base 10. Assume the first number was generated by f(0),
the second by f(1), the third by f(2), and so on.


Q: 4,5,6,7
Explanation: lambda x: [i for i in range(100) if i % (3 + 1) or i % (6 + 1)][(x + 3)]

Q: 10,12,14,16
Explanation: lambda x: (2 * (x + 3)) + 4

Q: 2176782336,101559956668416,4738381338321616896,221073919720733357899776
Explanation: lambda x: 6 ** (6 * (x + 2))

Q: 16,256,4096,65536
Explanation: lambda x: 2 ** (4 * (x + 1))

What is the most likely function which generated the following sequence?
Assume the first number was generated by f(0), the second by f(1), the third by f(2), and so on.
The function should output the number in the same representation as the sequence.
Give the response in the format:
Explanation: <function>

The sequence is in base 10.
Q: 0,3,6,9
A: ", 12, Explanation: lambda x: (3 * (x + 1)),,,,,True
4,"Here are some examples of sequence continuations.
Q: 4,5,6,7
A: 8
Q: 10,12,14,16
A: 18
Q: 2176782336,101559956668416,4738381338321616896,221073919720733357899776
A: 10314424798490535546171949056
Q: 16,256,4096,65536
A: 1048576
What is the most likely continuation of the following sequence?
Give the response as a number (with a base prefix if appropriate), with no additional commentary.

The sequence is in base 10.
Q: 0,4,8,12
A: ","
Here are some examples of sequence explanations, i.e. python functions
which generated the preceding sequences base 10. Assume the first number was generated by f(0),
the second by f(1), the third by f(2), and so on.


Q: 4,5,6,7
Explanation: lambda x: [i for i in range(100) if i % (3 + 1) or i % (6 + 1)][(x + 3)]

Q: 10,12,14,16
Explanation: lambda x: (2 * (x + 3)) + 4

Q: 2176782336,101559956668416,4738381338321616896,221073919720733357899776
Explanation: lambda x: 6 ** (6 * (x + 2))

Q: 16,256,4096,65536
Explanation: lambda x: 2 ** (4 * (x + 1))

What is the most likely function which generated the following sequence?
Assume the first number was generated by f(0), the second by f(1), the third by f(2), and so on.
The function should output the number in the same representation as the sequence.
Give the response in the format:
Explanation: <function>

The sequence is in base 10.
Q: 0,4,8,12
A: ", 16, Explanation: lambda x: (4 * (x + 1)),,,,,True
5,"Here are some examples of sequence continuations.
Q: 4,5,6,7
A: 8
Q: 10,12,14,16
A: 18
Q: 2176782336,101559956668416,4738381338321616896,221073919720733357899776
A: 10314424798490535546171949056
Q: 16,256,4096,65536
A: 1048576
What is the most likely continuation of the following sequence?
Give the response as a number (with a base prefix if appropriate), with no additional commentary.

The sequence is in base 10.
Q: 4,8,12,16
A: ","
Here are some examples of sequence explanations, i.e. python functions
which generated the preceding sequences base 10. Assume the first number was generated by f(0),
the second by f(1), the third by f(2), and so on.


Q: 4,5,6,7
Explanation: lambda x: [i for i in range(100) if i % (3 + 1) or i % (6 + 1)][(x + 3)]

Q: 10,12,14,16
Explanation: lambda x: (2 * (x + 3)) + 4

Q: 2176782336,101559956668416,4738381338321616896,221073919720733357899776
Explanation: lambda x: 6 ** (6 * (x + 2))

Q: 16,256,4096,65536
Explanation: lambda x: 2 ** (4 * (x + 1))

What is the most likely function which generated the following sequence?
Assume the first number was generated by f(0), the second by f(1), the third by f(2), and so on.
The function should output the number in the same representation as the sequence.
Give the response in the format:
Explanation: <function>

The sequence is in base 10.
Q: 4,8,12,16
A: ", 20, Explanation: lambda x: (4 * (x + 1)),,,,,True
6,"Here are some examples of sequence continuations.
Q: 4,5,6,7
A: 8
Q: 10,12,14,16
A: 18
Q: 2176782336,101559956668416,4738381338321616896,221073919720733357899776
A: 10314424798490535546171949056
Q: 16,256,4096,65536
A: 1048576
What is the most likely continuation of the following sequence?
Give the response as a number (with a base prefix if appropriate), with no additional commentary.

The sequence is in base 10.
Q: 8,12,16,20
A: ","
Here are some examples of sequence explanations, i.e. python functions
which generated the preceding sequences base 10. Assume the first number was generated by f(0),
the second by f(1), the third by f(2), and so on.


Q: 4,5,6,7
Explanation: lambda x: [i for i in range(100) if i % (3 + 1) or i % (6 + 1)][(x + 3)]

Q: 10,12,14,16
Explanation: lambda x: (2 * (x + 3)) + 4

Q: 2176782336,101559956668416,4738381338321616896,221073919720733357899776
Explanation: lambda x: 6 ** (6 * (x + 2))

Q: 16,256,4096,65536
Explanation: lambda x: 2 ** (4 * (x + 1))

What is the most likely function which generated the following sequence?
Assume the first number was generated by f(0), the second by f(1), the third by f(2), and so on.
The function should output the number in the same representation as the sequence.
Give the response in the format:
Explanation: <function>

The sequence is in base 10.
Q: 8,12,16,20
A: ", 24, Explanation: lambda x: (4 * (x + 1)) + 4,,,,,True
7,"Here are some examples of sequence continuations.
Q: 4,5,6,7
A: 8
Q: 10,12,14,16
A: 18
Q: 2176782336,101559956668416,4738381338321616896,221073919720733357899776
A: 10314424798490535546171949056
Q: 16,256,4096,65536
A: 1048576
What is the most likely continuation of the following sequence?
Give the response as a number (with a base prefix if appropriate), with no additional commentary.

The sequence is in base 10.
Q: 12,16,20,24
A: ","
Here are some examples of sequence explanations, i.e. python functions
which generated the preceding sequences base 10. Assume the first number was generated by f(0),
the second by f(1), the third by f(2), and so on.


Q: 4,5,6,7
Explanation: lambda x: [i for i in range(100) if i % (3 + 1) or i % (6 + 1)][(x + 3)]

Q: 10,12,14,16
Explanation: lambda x: (2 * (x + 3)) + 4

Q: 2176782336,101559956668416,4738381338321616896,221073919720733357899776
Explanation: lambda x: 6 ** (6 * (x + 2))

Q: 16,256,4096,65536
Explanation: lambda x: 2 ** (4 * (x + 1))

What is the most likely function which generated the following sequence?
Assume the first number was generated by f(0), the second by f(1), the third by f(2), and so on.
The function should output the number in the same representation as the sequence.
Give the response in the format:
Explanation: <function>

The sequence is in base 10.
Q: 12,16,20,24
A: ", 28, Explanation: lambda x: (4 * (x + 1)) + 8,,,,,True
8,"Here are some examples of sequence continuations.
Q: 4,5,6,7
A: 8
Q: 10,12,14,16
A: 18
Q: 2176782336,101559956668416,4738381338321616896,221073919720733357899776
A: 10314424798490535546171949056
Q: 16,256,4096,65536
A: 1048576
What is the most likely continuation of the following sequence?
Give the response as a number (with a base prefix if appropriate), with no additional commentary.

The sequence is in base 10.
Q: 3,5,7,9
A: ","
Here are some examples of sequence explanations, i.e. python functions
which generated the preceding sequences base 10. Assume the first number was generated by f(0),
the second by f(1), the third by f(2), and so on.


Q: 4,5,6,7
Explanation: lambda x: [i for i in range(100) if i % (3 + 1) or i % (6 + 1)][(x + 3)]

Q: 10,12,14,16
Explanation: lambda x: (2 * (x + 3)) + 4

Q: 2176782336,101559956668416,4738381338321616896,221073919720733357899776
Explanation: lambda x: 6 ** (6 * (x + 2))

Q: 16,256,4096,65536
Explanation: lambda x: 2 ** (4 * (x + 1))

What is the most likely function which generated the following sequence?
Assume the first number was generated by f(0), the second by f(1), the third by f(2), and so on.
The function should output the number in the same representation as the sequence.
Give the response in the format:
Explanation: <function>

The sequence is in base 10.
Q: 3,5,7,9
A: ", 11, Explanation: lambda x: (2 * (x + 1)) + 1,,,,,True
9,"Here are some examples of sequence continuations.
Q: 4,5,6,7
A: 8
Q: 10,12,14,16
A: 18
Q: 2176782336,101559956668416,4738381338321616896,221073919720733357899776
A: 10314424798490535546171949056
Q: 16,256,4096,65536
A: 1048576
What is the most likely continuation of the following sequence?
Give the response as a number (with a base prefix if appropriate), with no additional commentary.

The sequence is in base 10.
Q: 5,7,9,11
A: ","
Here are some examples of sequence explanations, i.e. python functions
which generated the preceding sequences base 10. Assume the first number was generated by f(0),
the second by f(1), the third by f(2), and so on.


Q: 4,5,6,7
Explanation: lambda x: [i for i in range(100) if i % (3 + 1) or i % (6 + 1)][(x + 3)]

Q: 10,12,14,16
Explanation: lambda x: (2 * (x + 3)) + 4

Q: 2176782336,101559956668416,4738381338321616896,221073919720733357899776
Explanation: lambda x: 6 ** (6 * (x + 2))

Q: 16,256,4096,65536
Explanation: lambda x: 2 ** (4 * (x + 1))

What is the most likely function which generated the following sequence?
Assume the first number was generated by f(0), the second by f(1), the third by f(2), and so on.
The function should output the number in the same representation as the sequence.
Give the response in the format:
Explanation: <function>

The sequence is in base 10.
Q: 5,7,9,11
A: ", 13, Explanation: lambda x: (2 * (x + 2)) + 1,,,,,True
10,"Here are some examples of sequence continuations.
Q: 4,5,6,7
A: 8
Q: 10,12,14,16
A: 18
Q: 2176782336,101559956668416,4738381338321616896,221073919720733357899776
A: 10314424798490535546171949056
Q: 16,256,4096,65536
A: 1048576
What is the most likely continuation of the following sequence?
Give the response as a number (with a base prefix if appropriate), with no additional commentary.

The sequence is in base 10.
Q: 7,9,11,13
A: ","
Here are some examples of sequence explanations, i.e. python functions
which generated the preceding sequences base 10. Assume the first number was generated by f(0),
the second by f(1), the third by f(2), and so on.


Q: 4,5,6,7
Explanation: lambda x: [i for i in range(100) if i % (3 + 1) or i % (6 + 1)][(x + 3)]

Q: 10,12,14,16
Explanation: lambda x: (2 * (x + 3)) + 4

Q: 2176782336,101559956668416,4738381338321616896,221073919720733357899776
Explanation: lambda x: 6 ** (6 * (x + 2))

Q: 16,256,4096,65536
Explanation: lambda x: 2 ** (4 * (x + 1))

What is the most likely function which generated the following sequence?
Assume the first number was generated by f(0), the second by f(1), the third by f(2), and so on.
The function should output the number in the same representation as the sequence.
Give the response in the format:
Explanation: <function>

The sequence is in base 10.
Q: 7,9,11,13
A: ", 15, Explanation: lambda x: (2 * (x + 3)) + 1,,,,,True
11,"Here are some examples of sequence continuations.
Q: 4,5,6,7
A: 8
Q: 10,12,14,16
A: 18
Q: 2176782336,101559956668416,4738381338321616896,221073919720733357899776
A: 10314424798490535546171949056
Q: 16,256,4096,65536
A: 1048576
What is the most likely continuation of the following sequence?
Give the response as a number (with a base prefix if appropriate), with no additional commentary.

The sequence is in base 10.
Q: 1,3,5,7
A: ","
Here are some examples of sequence explanations, i.e. python functions
which generated the preceding sequences base 10. Assume the first number was generated by f(0),
the second by f(1), the third by f(2), and so on.


Q: 4,5,6,7
Explanation: lambda x: [i for i in range(100) if i % (3 + 1) or i % (6 + 1)][(x + 3)]

Q: 10,12,14,16
Explanation: lambda x: (2 * (x + 3)) + 4

Q: 2176782336,101559956668416,4738381338321616896,221073919720733357899776
Explanation: lambda x: 6 ** (6 * (x + 2))

Q: 16,256,4096,65536
Explanation: lambda x: 2 ** (4 * (x + 1))

What is the most likely function which generated the following sequence?
Assume the first number was generated by f(0), the second by f(1), the third by f(2), and so on.
The function should output the number in the same representation as the sequence.
Give the response in the format:
Explanation: <function>

The sequence is in base 10.
Q: 1,3,5,7
A: ", 9, Explanation: lambda x: (2 * (x + 1)) + 1,,,,,True
12,"Here are some examples of sequence continuations.
Q: 4,5,6,7
A: 8
Q: 10,12,14,16
A: 18
Q: 2176782336,101559956668416,4738381338321616896,221073919720733357899776
A: 10314424798490535546171949056
Q: 16,256,4096,65536
A: 1048576
What is the most likely continuation of the following sequence?
Give the response as a number (with a base prefix if appropriate), with no additional commentary.

The sequence is in base 10.
Q: 0,1,2,3
A: ","
Here are some examples of sequence explanations, i.e. python functions
which generated the preceding sequences base 10. Assume the first number was generated by f(0),
the second by f(1), the third by f(2), and so on.


Q: 4,5,6,7
Explanation: lambda x: [i for i in range(100) if i % (3 + 1) or i % (6 + 1)][(x + 3)]

Q: 10,12,14,16
Explanation: lambda x: (2 * (x + 3)) + 4

Q: 2176782336,101559956668416,4738381338321616896,221073919720733357899776
Explanation: lambda x: 6 ** (6 * (x + 2))

Q: 16,256,4096,65536
Explanation: lambda x: 2 ** (4 * (x + 1))

What is the most likely function which generated the following sequence?
Assume the first number was generated by f(0), the second by f(1), the third by f(2), and so on.
The function should output the number in the same representation as the sequence.
Give the response in the format:
Explanation: <function>

The sequence is in base 10.
Q: 0,1,2,3
A: ", 4, Explanation: lambda x: x,,,,,True
13,"Here are some examples of sequence continuations.
Q: 4,5,6,7
A: 8
Q: 10,12,14,16
A: 18
Q: 2176782336,101559956668416,4738381338321616896,221073919720733357899776
A: 10314424798490535546171949056
Q: 16,256,4096,65536
A: 1048576
What is the most likely continuation of the following sequence?
Give the response as a number (with a base prefix if appropriate), with no additional commentary.

The sequence is in base 10.
Q: 1,2,3,4
A: ","
Here are some examples of sequence explanations, i.e. python functions
which generated the preceding sequences base 10. Assume the first number was generated by f(0),
the second by f(1), the third by f(2), and so on.


Q: 4,5,6,7
Explanation: lambda x: [i for i in range(100) if i % (3 + 1) or i % (6 + 1)][(x + 3)]

Q: 10,12,14,16
Explanation: lambda x: (2 * (x + 3)) + 4

Q: 2176782336,101559956668416,4738381338321616896,221073919720733357899776
Explanation: lambda x: 6 ** (6 * (x + 2))

Q: 16,256,4096,65536
Explanation: lambda x: 2 ** (4 * (x + 1))

What is the most likely function which generated the following sequence?
Assume the first number was generated by f(0), the second by f(1), the third by f(2), and so on.
The function should output the number in the same representation as the sequence.
Give the response in the format:
Explanation: <function>

The sequence is in base 10.
Q: 1,2,3,4
A: ", 5, Explanation: lambda x: x + 1,,,,,True
14,"Here are some examples of sequence continuations.
Q: 4,5,6,7
A: 8
Q: 10,12,14,16
A: 18
Q: 2176782336,101559956668416,4738381338321616896,221073919720733357899776
A: 10314424798490535546171949056
Q: 16,256,4096,65536
A: 1048576
What is the most likely continuation of the following sequence?
Give the response as a number (with a base prefix if appropriate), with no additional commentary.

The sequence is in base 10.
Q: 2,3,4,5
A: ","
Here are some examples of sequence explanations, i.e. python functions
which generated the preceding sequences base 10. Assume the first number was generated by f(0),
the second by f(1), the third by f(2), and so on.


Q: 4,5,6,7
Explanation: lambda x: [i for i in range(100) if i % (3 + 1) or i % (6 + 1)][(x + 3)]

Q: 10,12,14,16
Explanation: lambda x: (2 * (x + 3)) + 4

Q: 2176782336,101559956668416,4738381338321616896,221073919720733357899776
Explanation: lambda x: 6 ** (6 * (x + 2))

Q: 16,256,4096,65536
Explanation: lambda x: 2 ** (4 * (x + 1))

What is the most likely function which generated the following sequence?
Assume the first number was generated by f(0), the second by f(1), the third by f(2), and so on.
The function should output the number in the same representation as the sequence.
Give the response in the format:
Explanation: <function>

The sequence is in base 10.
Q: 2,3,4,5
A: ", 6, Explanation: lambda x: (x + 2) ** 2,,,,,True
15,"Here are some examples of sequence continuations.
Q: 4,5,6,7
A: 8
Q: 10,12,14,16
A: 18
Q: 2176782336,101559956668416,4738381338321616896,221073919720733357899776
A: 10314424798490535546171949056
Q: 16,256,4096,65536
A: 1048576
What is the most likely continuation of the following sequence?
Give the response as a number (with a base prefix if appropriate), with no additional commentary.

The sequence is in base 10.
Q: 3,4,5,6
A: ","
Here are some examples of sequence explanations, i.e. python functions
which generated the preceding sequences base 10. Assume the first number was generated by f(0),
the second by f(1), the third by f(2), and so on.


Q: 4,5,6,7
Explanation: lambda x: [i for i in range(100) if i % (3 + 1) or i % (6 + 1)][(x + 3)]

Q: 10,12,14,16
Explanation: lambda x: (2 * (x + 3)) + 4

Q: 2176782336,101559956668416,4738381338321616896,221073919720733357899776
Explanation: lambda x: 6 ** (6 * (x + 2))

Q: 16,256,4096,65536
Explanation: lambda x: 2 ** (4 * (x + 1))

What is the most likely function which generated the following sequence?
Assume the first number was generated by f(0), the second by f(1), the third by f(2), and so on.
The function should output the number in the same representation as the sequence.
Give the response in the format:
Explanation: <function>

The sequence is in base 10.
Q: 3,4,5,6
A: ", 7, Explanation: lambda x: (x + 3) ** 2,,,,,True
16,"Here are some examples of sequence continuations.
Q: 4,5,6,7
A: 8
Q: 10,12,14,16
A: 18
Q: 2176782336,101559956668416,4738381338321616896,221073919720733357899776
A: 10314424798490535546171949056
Q: 16,256,4096,65536
A: 1048576
What is the most likely continuation of the following sequence?
Give the response as a number (with a base prefix if appropriate), with no additional commentary.

The sequence is in base 10.
Q: 0,1,0,1
A: ","
Here are some examples of sequence explanations, i.e. python functions
which generated the preceding sequences base 10. Assume the first number was generated by f(0),
the second by f(1), the third by f(2), and so on.


Q: 4,5,6,7
Explanation: lambda x: [i for i in range(100) if i % (3 + 1) or i % (6 + 1)][(x + 3)]

Q: 10,12,14,16
Explanation: lambda x: (2 * (x + 3)) + 4

Q: 2176782336,101559956668416,4738381338321616896,221073919720733357899776
Explanation: lambda x: 6 ** (6 * (x + 2))

Q: 16,256,4096,65536
Explanation: lambda x: 2 ** (4 * (x + 1))

What is the most likely function which generated the following sequence?
Assume the first number was generated by f(0), the second by f(1), the third by f(2), and so on.
The function should output the number in the same representation as the sequence.
Give the response in the format:
Explanation: <function>

The sequence is in base 10.
Q: 0,1,0,1
A: ", 0, Explanation: lambda x: x % 2,,,,,True
17,"Here are some examples of sequence continuations.
Q: 4,5,6,7
A: 8
Q: 10,12,14,16
A: 18
Q: 2176782336,101559956668416,4738381338321616896,221073919720733357899776
A: 10314424798490535546171949056
Q: 16,256,4096,65536
A: 1048576
What is the most likely continuation of the following sequence?
Give the response as a number (with a base prefix if appropriate), with no additional commentary.

The sequence is in base 10.
Q: 1,0,1,0
A: ","
Here are some examples of sequence explanations, i.e. python functions
which generated the preceding sequences base 10. Assume the first number was generated by f(0),
the second by f(1), the third by f(2), and so on.


Q: 4,5,6,7
Explanation: lambda x: [i for i in range(100) if i % (3 + 1) or i % (6 + 1)][(x + 3)]

Q: 10,12,14,16
Explanation: lambda x: (2 * (x + 3)) + 4

Q: 2176782336,101559956668416,4738381338321616896,221073919720733357899776
Explanation: lambda x: 6 ** (6 * (x + 2))

Q: 16,256,4096,65536
Explanation: lambda x: 2 ** (4 * (x + 1))

What is the most likely function which generated the following sequence?
Assume the first number was generated by f(0), the second by f(1), the third by f(2), and so on.
The function should output the number in the same representation as the sequence.
Give the response in the format:
Explanation: <function>

The sequence is in base 10.
Q: 1,0,1,0
A: ", 1, Explanation: lambda x: (x % 2) + 1,,,,,True
18,"Here are some examples of sequence continuations.
Q: 4,5,6,7
A: 8
Q: 10,12,14,16
A: 18
Q: 2176782336,101559956668416,4738381338321616896,221073919720733357899776
A: 10314424798490535546171949056
Q: 16,256,4096,65536
A: 1048576
What is the most likely continuation of the following sequence?
Give the response as a number (with a base prefix if appropriate), with no additional commentary.

The sequence is in base 10.
Q: 4,5,6,7
A: ","
Here are some examples of sequence explanations, i.e. python functions
which generated the preceding sequences base 10. Assume the first number was generated by f(0),
the second by f(1), the third by f(2), and so on.


Q: 4,5,6,7
Explanation: lambda x: [i for i in range(100) if i % (3 + 1) or i % (6 + 1)][(x + 3)]

Q: 10,12,14,16
Explanation: lambda x: (2 * (x + 3)) + 4

Q: 2176782336,101559956668416,4738381338321616896,221073919720733357899776
Explanation: lambda x: 6 ** (6 * (x + 2))

Q: 16,256,4096,65536
Explanation: lambda x: 2 ** (4 * (x + 1))

What is the most likely function which generated the following sequence?
Assume the first number was generated by f(0), the second by f(1), the third by f(2), and so on.
The function should output the number in the same representation as the sequence.
Give the response in the format:
Explanation: <function>

The sequence is in base 10.
Q: 4,5,6,7
A: ", 8,"
Explanation: lambda x: [i for i in range(100) if i % (3 + 1) or i % (6 + 1)][(x + 3)]","[4, 5, 6, 7]",8.0,True,True,False
19,"Here are some examples of sequence continuations.
Q: 4,5,6,7
A: 8
Q: 10,12,14,16
A: 18
Q: 2176782336,101559956668416,4738381338321616896,221073919720733357899776
A: 10314424798490535546171949056
Q: 16,256,4096,65536
A: 1048576
What is the most likely continuation of the following sequence?
Give the response as a number (with a base prefix if appropriate), with no additional commentary.

The sequence is in base 10.
Q: 0,2,4,6
A: ","
Here are some examples of sequence explanations, i.e. python functions
which generated the preceding sequences base 10. Assume the first number was generated by f(0),
the second by f(1), the third by f(2), and so on.


Q: 4,5,6,7
Explanation: lambda x: [i for i in range(100) if i % (3 + 1) or i % (6 + 1)][(x + 3)]

Q: 10,12,14,16
Explanation: lambda x: (2 * (x + 3)) + 4

Q: 2176782336,101559956668416,4738381338321616896,221073919720733357899776
Explanation: lambda x: 6 ** (6 * (x + 2))

Q: 16,256,4096,65536
Explanation: lambda x: 2 ** (4 * (x + 1))

What is the most likely function which generated the following sequence?
Assume the first number was generated by f(0), the second by f(1), the third by f(2), and so on.
The function should output the number in the same representation as the sequence.
Give the response in the format:
Explanation: <function>

The sequence is in base 10.
Q: 0,2,4,6
A: ", 8, Explanation: lambda x: (2 * x) + 0,,,,,True
20,"Here are some examples of sequence continuations.
Q: 4,5,6,7
A: 8
Q: 10,12,14,16
A: 18
Q: 2176782336,101559956668416,4738381338321616896,221073919720733357899776
A: 10314424798490535546171949056
Q: 16,256,4096,65536
A: 1048576
What is the most likely continuation of the following sequence?
Give the response as a number (with a base prefix if appropriate), with no additional commentary.

The sequence is in base 10.
Q: 2,4,6,8
A: ","
Here are some examples of sequence explanations, i.e. python functions
which generated the preceding sequences base 10. Assume the first number was generated by f(0),
the second by f(1), the third by f(2), and so on.


Q: 4,5,6,7
Explanation: lambda x: [i for i in range(100) if i % (3 + 1) or i % (6 + 1)][(x + 3)]

Q: 10,12,14,16
Explanation: lambda x: (2 * (x + 3)) + 4

Q: 2176782336,101559956668416,4738381338321616896,221073919720733357899776
Explanation: lambda x: 6 ** (6 * (x + 2))

Q: 16,256,4096,65536
Explanation: lambda x: 2 ** (4 * (x + 1))

What is the most likely function which generated the following sequence?
Assume the first number was generated by f(0), the second by f(1), the third by f(2), and so on.
The function should output the number in the same representation as the sequence.
Give the response in the format:
Explanation: <function>

The sequence is in base 10.
Q: 2,4,6,8
A: ", 10, Explanation: lambda x: (2 * (x + 1)),,,,,True
21,"Here are some examples of sequence continuations.
Q: 4,5,6,7
A: 8
Q: 10,12,14,16
A: 18
Q: 2176782336,101559956668416,4738381338321616896,221073919720733357899776
A: 10314424798490535546171949056
Q: 16,256,4096,65536
A: 1048576
What is the most likely continuation of the following sequence?
Give the response as a number (with a base prefix if appropriate), with no additional commentary.

The sequence is in base 10.
Q: 4,6,8,10
A: ","
Here are some examples of sequence explanations, i.e. python functions
which generated the preceding sequences base 10. Assume the first number was generated by f(0),
the second by f(1), the third by f(2), and so on.


Q: 4,5,6,7
Explanation: lambda x: [i for i in range(100) if i % (3 + 1) or i % (6 + 1)][(x + 3)]

Q: 10,12,14,16
Explanation: lambda x: (2 * (x + 3)) + 4

Q: 2176782336,101559956668416,4738381338321616896,221073919720733357899776
Explanation: lambda x: 6 ** (6 * (x + 2))

Q: 16,256,4096,65536
Explanation: lambda x: 2 ** (4 * (x + 1))

What is the most likely function which generated the following sequence?
Assume the first number was generated by f(0), the second by f(1), the third by f(2), and so on.
The function should output the number in the same representation as the sequence.
Give the response in the format:
Explanation: <function>

The sequence is in base 10.
Q: 4,6,8,10
A: ", 12, Explanation: lambda x: (2 * (x + 2)) + 2,,,,,True
22,"Here are some examples of sequence continuations.
Q: 4,5,6,7
A: 8
Q: 10,12,14,16
A: 18
Q: 2176782336,101559956668416,4738381338321616896,221073919720733357899776
A: 10314424798490535546171949056
Q: 16,256,4096,65536
A: 1048576
What is the most likely continuation of the following sequence?
Give the response as a number (with a base prefix if appropriate), with no additional commentary.

The sequence is in base 10.
Q: 6,8,10,12
A: ","
Here are some examples of sequence explanations, i.e. python functions
which generated the preceding sequences base 10. Assume the first number was generated by f(0),
the second by f(1), the third by f(2), and so on.


Q: 4,5,6,7
Explanation: lambda x: [i for i in range(100) if i % (3 + 1) or i % (6 + 1)][(x + 3)]

Q: 10,12,14,16
Explanation: lambda x: (2 * (x + 3)) + 4

Q: 2176782336,101559956668416,4738381338321616896,221073919720733357899776
Explanation: lambda x: 6 ** (6 * (x + 2))

Q: 16,256,4096,65536
Explanation: lambda x: 2 ** (4 * (x + 1))

What is the most likely function which generated the following sequence?
Assume the first number was generated by f(0), the second by f(1), the third by f(2), and so on.
The function should output the number in the same representation as the sequence.
Give the response in the format:
Explanation: <function>

The sequence is in base 10.
Q: 6,8,10,12
A: ", 14, Explanation: lambda x: (2 * (x + 2)) + 4,,,,,True
23,"Here are some examples of sequence continuations.
Q: 4,5,6,7
A: 8
Q: 10,12,14,16
A: 18
Q: 2176782336,101559956668416,4738381338321616896,221073919720733357899776
A: 10314424798490535546171949056
Q: 16,256,4096,65536
A: 1048576
What is the most likely continuation of the following sequence?
Give the response as a number (with a base prefix if appropriate), with no additional commentary.

The sequence is in base 10.
Q: 3,3,7,7
A: ","
Here are some examples of sequence explanations, i.e. python functions
which generated the preceding sequences base 10. Assume the first number was generated by f(0),
the second by f(1), the third by f(2), and so on.


Q: 4,5,6,7
Explanation: lambda x: [i for i in range(100) if i % (3 + 1) or i % (6 + 1)][(x + 3)]

Q: 10,12,14,16
Explanation: lambda x: (2 * (x + 3)) + 4

Q: 2176782336,101559956668416,4738381338321616896,221073919720733357899776
Explanation: lambda x: 6 ** (6 * (x + 2))

Q: 16,256,4096,65536
Explanation: lambda x: 2 ** (4 * (x + 1))

What is the most likely function which generated the following sequence?
Assume the first number was generated by f(0), the second by f(1), the third by f(2), and so on.
The function should output the number in the same representation as the sequence.
Give the response in the format:
Explanation: <function>

The sequence is in base 10.
Q: 3,3,7,7
A: ", 11, Explanation: lambda x: 3 + (4 * (x % 2)),,,,,True
24,"Here are some examples of sequence continuations.
Q: 4,5,6,7
A: 8
Q: 10,12,14,16
A: 18
Q: 2176782336,101559956668416,4738381338321616896,221073919720733357899776
A: 10314424798490535546171949056
Q: 16,256,4096,65536
A: 1048576
What is the most likely continuation of the following sequence?
Give the response as a number (with a base prefix if appropriate), with no additional commentary.

The sequence is in base 10.
Q: 0,1,2,0
A: ","
Here are some examples of sequence explanations, i.e. python functions
which generated the preceding sequences base 10. Assume the first number was generated by f(0),
the second by f(1), the third by f(2), and so on.


Q: 4,5,6,7
Explanation: lambda x: [i for i in range(100) if i % (3 + 1) or i % (6 + 1)][(x + 3)]

Q: 10,12,14,16
Explanation: lambda x: (2 * (x + 3)) + 4

Q: 2176782336,101559956668416,4738381338321616896,221073919720733357899776
Explanation: lambda x: 6 ** (6 * (x + 2))

Q: 16,256,4096,65536
Explanation: lambda x: 2 ** (4 * (x + 1))

What is the most likely function which generated the following sequence?
Assume the first number was generated by f(0), the second by f(1), the third by f(2), and so on.
The function should output the number in the same representation as the sequence.
Give the response in the format:
Explanation: <function>

The sequence is in base 10.
Q: 0,1,2,0
A: ", 3, Explanation: lambda x: x % 3,,,,,True
25,"Here are some examples of sequence continuations.
Q: 4,5,6,7
A: 8
Q: 10,12,14,16
A: 18
Q: 2176782336,101559956668416,4738381338321616896,221073919720733357899776
A: 10314424798490535546171949056
Q: 16,256,4096,65536
A: 1048576
What is the most likely continuation of the following sequence?
Give the response as a number (with a base prefix if appropriate), with no additional commentary.

The sequence is in base 10.
Q: 1,2,0,1
A: ","
Here are some examples of sequence explanations, i.e. python functions
which generated the preceding sequences base 10. Assume the first number was generated by f(0),
the second by f(1), the third by f(2), and so on.


Q: 4,5,6,7
Explanation: lambda x: [i for i in range(100) if i % (3 + 1) or i % (6 + 1)][(x + 3)]

Q: 10,12,14,16
Explanation: lambda x: (2 * (x + 3)) + 4

Q: 2176782336,101559956668416,4738381338321616896,221073919720733357899776
Explanation: lambda x: 6 ** (6 * (x + 2))

Q: 16,256,4096,65536
Explanation: lambda x: 2 ** (4 * (x + 1))

What is the most likely function which generated the following sequence?
Assume the first number was generated by f(0), the second by f(1), the third by f(2), and so on.
The function should output the number in the same representation as the sequence.
Give the response in the format:
Explanation: <function>

The sequence is in base 10.
Q: 1,2,0,1
A: ", 4, Explanation: lambda x: (x + 1) % 3,,,,,True
26,"Here are some examples of sequence continuations.
Q: 4,5,6,7
A: 8
Q: 10,12,14,16
A: 18
Q: 2176782336,101559956668416,4738381338321616896,221073919720733357899776
A: 10314424798490535546171949056
Q: 16,256,4096,65536
A: 1048576
What is the most likely continuation of the following sequence?
Give the response as a number (with a base prefix if appropriate), with no additional commentary.

The sequence is in base 10.
Q: 2,0,1,2
A: ","
Here are some examples of sequence explanations, i.e. python functions
which generated the preceding sequences base 10. Assume the first number was generated by f(0),
the second by f(1), the third by f(2), and so on.


Q: 4,5,6,7
Explanation: lambda x: [i for i in range(100) if i % (3 + 1) or i % (6 + 1)][(x + 3)]

Q: 10,12,14,16
Explanation: lambda x: (2 * (x + 3)) + 4

Q: 2176782336,101559956668416,4738381338321616896,221073919720733357899776
Explanation: lambda x: 6 ** (6 * (x + 2))

Q: 16,256,4096,65536
Explanation: lambda x: 2 ** (4 * (x + 1))

What is the most likely function which generated the following sequence?
Assume the first number was generated by f(0), the second by f(1), the third by f(2), and so on.
The function should output the number in the same representation as the sequence.
Give the response in the format:
Explanation: <function>

The sequence is in base 10.
Q: 2,0,1,2
A: ", 3, Explanation: lambda x: (x + 2) % 3,,,,,True
27,"Here are some examples of sequence continuations.
Q: 4,5,6,7
A: 8
Q: 10,12,14,16
A: 18
Q: 2176782336,101559956668416,4738381338321616896,221073919720733357899776
A: 10314424798490535546171949056
Q: 16,256,4096,65536
A: 1048576
What is the most likely continuation of the following sequence?
Give the response as a number (with a base prefix if appropriate), with no additional commentary.

The sequence is in base 10.
Q: 3,7,11,15
A: ","
Here are some examples of sequence explanations, i.e. python functions
which generated the preceding sequences base 10. Assume the first number was generated by f(0),
the second by f(1), the third by f(2), and so on.


Q: 4,5,6,7
Explanation: lambda x: [i for i in range(100) if i % (3 + 1) or i % (6 + 1)][(x + 3)]

Q: 10,12,14,16
Explanation: lambda x: (2 * (x + 3)) + 4

Q: 2176782336,101559956668416,4738381338321616896,221073919720733357899776
Explanation: lambda x: 6 ** (6 * (x + 2))

Q: 16,256,4096,65536
Explanation: lambda x: 2 ** (4 * (x + 1))

What is the most likely function which generated the following sequence?
Assume the first number was generated by f(0), the second by f(1), the third by f(2), and so on.
The function should output the number in the same representation as the sequence.
Give the response in the format:
Explanation: <function>

The sequence is in base 10.
Q: 3,7,11,15
A: ", 19, Explanation: lambda x: (4 * (x + 1)) + 3,,,,,True
28,"Here are some examples of sequence continuations.
Q: 4,5,6,7
A: 8
Q: 10,12,14,16
A: 18
Q: 2176782336,101559956668416,4738381338321616896,221073919720733357899776
A: 10314424798490535546171949056
Q: 16,256,4096,65536
A: 1048576
What is the most likely continuation of the following sequence?
Give the response as a number (with a base prefix if appropriate), with no additional commentary.

The sequence is in base 10.
Q: 7,11,15,19
A: ","
Here are some examples of sequence explanations, i.e. python functions
which generated the preceding sequences base 10. Assume the first number was generated by f(0),
the second by f(1), the third by f(2), and so on.


Q: 4,5,6,7
Explanation: lambda x: [i for i in range(100) if i % (3 + 1) or i % (6 + 1)][(x + 3)]

Q: 10,12,14,16
Explanation: lambda x: (2 * (x + 3)) + 4

Q: 2176782336,101559956668416,4738381338321616896,221073919720733357899776
Explanation: lambda x: 6 ** (6 * (x + 2))

Q: 16,256,4096,65536
Explanation: lambda x: 2 ** (4 * (x + 1))

What is the most likely function which generated the following sequence?
Assume the first number was generated by f(0), the second by f(1), the third by f(2), and so on.
The function should output the number in the same representation as the sequence.
Give the response in the format:
Explanation: <function>

The sequence is in base 10.
Q: 7,11,15,19
A: ", 23, Explanation: lambda x: (4 * (x + 1)) + 3,,,,,True
29,"Here are some examples of sequence continuations.
Q: 4,5,6,7
A: 8
Q: 10,12,14,16
A: 18
Q: 2176782336,101559956668416,4738381338321616896,221073919720733357899776
A: 10314424798490535546171949056
Q: 16,256,4096,65536
A: 1048576
What is the most likely continuation of the following sequence?
Give the response as a number (with a base prefix if appropriate), with no additional commentary.

The sequence is in base 10.
Q: 11,15,19,23
A: ","
Here are some examples of sequence explanations, i.e. python functions
which generated the preceding sequences base 10. Assume the first number was generated by f(0),
the second by f(1), the third by f(2), and so on.


Q: 4,5,6,7
Explanation: lambda x: [i for i in range(100) if i % (3 + 1) or i % (6 + 1)][(x + 3)]

Q: 10,12,14,16
Explanation: lambda x: (2 * (x + 3)) + 4

Q: 2176782336,101559956668416,4738381338321616896,221073919720733357899776
Explanation: lambda x: 6 ** (6 * (x + 2))

Q: 16,256,4096,65536
Explanation: lambda x: 2 ** (4 * (x + 1))

What is the most likely function which generated the following sequence?
Assume the first number was generated by f(0), the second by f(1), the third by f(2), and so on.
The function should output the number in the same representation as the sequence.
Give the response in the format:
Explanation: <function>

The sequence is in base 10.
Q: 11,15,19,23
A: ", 27, Explanation: lambda x: (4 * (x + 1)) + 7,,,,,True
30,"Here are some examples of sequence continuations.
Q: 4,5,6,7
A: 8
Q: 10,12,14,16
A: 18
Q: 2176782336,101559956668416,4738381338321616896,221073919720733357899776
A: 10314424798490535546171949056
Q: 16,256,4096,65536
A: 1048576
What is the most likely continuation of the following sequence?
Give the response as a number (with a base prefix if appropriate), with no additional commentary.

The sequence is in base 10.
Q: 15,19,23,27
A: ","
Here are some examples of sequence explanations, i.e. python functions
which generated the preceding sequences base 10. Assume the first number was generated by f(0),
the second by f(1), the third by f(2), and so on.


Q: 4,5,6,7
Explanation: lambda x: [i for i in range(100) if i % (3 + 1) or i % (6 + 1)][(x + 3)]

Q: 10,12,14,16
Explanation: lambda x: (2 * (x + 3)) + 4

Q: 2176782336,101559956668416,4738381338321616896,221073919720733357899776
Explanation: lambda x: 6 ** (6 * (x + 2))

Q: 16,256,4096,65536
Explanation: lambda x: 2 ** (4 * (x + 1))

What is the most likely function which generated the following sequence?
Assume the first number was generated by f(0), the second by f(1), the third by f(2), and so on.
The function should output the number in the same representation as the sequence.
Give the response in the format:
Explanation: <function>

The sequence is in base 10.
Q: 15,19,23,27
A: ", 31, Explanation: lambda x: (4 * (x + 1)) + 11,,,,,True
31,"Here are some examples of sequence continuations.
Q: 4,5,6,7
A: 8
Q: 10,12,14,16
A: 18
Q: 2176782336,101559956668416,4738381338321616896,221073919720733357899776
A: 10314424798490535546171949056
Q: 16,256,4096,65536
A: 1048576
What is the most likely continuation of the following sequence?
Give the response as a number (with a base prefix if appropriate), with no additional commentary.

The sequence is in base 10.
Q: 4,5,7,8
A: ","
Here are some examples of sequence explanations, i.e. python functions
which generated the preceding sequences base 10. Assume the first number was generated by f(0),
the second by f(1), the third by f(2), and so on.


Q: 4,5,6,7
Explanation: lambda x: [i for i in range(100) if i % (3 + 1) or i % (6 + 1)][(x + 3)]

Q: 10,12,14,16
Explanation: lambda x: (2 * (x + 3)) + 4

Q: 2176782336,101559956668416,4738381338321616896,221073919720733357899776
Explanation: lambda x: 6 ** (6 * (x + 2))

Q: 16,256,4096,65536
Explanation: lambda x: 2 ** (4 * (x + 1))

What is the most likely function which generated the following sequence?
Assume the first number was generated by f(0), the second by f(1), the third by f(2), and so on.
The function should output the number in the same representation as the sequence.
Give the response in the format:
Explanation: <function>

The sequence is in base 10.
Q: 4,5,7,8
A: ", 11, Explanation: lambda x: (x + 4) ** 2,,,,,True
32,"Here are some examples of sequence continuations.
Q: 4,5,6,7
A: 8
Q: 10,12,14,16
A: 18
Q: 2176782336,101559956668416,4738381338321616896,221073919720733357899776
A: 10314424798490535546171949056
Q: 16,256,4096,65536
A: 1048576
What is the most likely continuation of the following sequence?
Give the response as a number (with a base prefix if appropriate), with no additional commentary.

The sequence is in base 10.
Q: 1,2,4,5
A: ","
Here are some examples of sequence explanations, i.e. python functions
which generated the preceding sequences base 10. Assume the first number was generated by f(0),
the second by f(1), the third by f(2), and so on.


Q: 4,5,6,7
Explanation: lambda x: [i for i in range(100) if i % (3 + 1) or i % (6 + 1)][(x + 3)]

Q: 10,12,14,16
Explanation: lambda x: (2 * (x + 3)) + 4

Q: 2176782336,101559956668416,4738381338321616896,221073919720733357899776
Explanation: lambda x: 6 ** (6 * (x + 2))

Q: 16,256,4096,65536
Explanation: lambda x: 2 ** (4 * (x + 1))

What is the most likely function which generated the following sequence?
Assume the first number was generated by f(0), the second by f(1), the third by f(2), and so on.
The function should output the number in the same representation as the sequence.
Give the response in the format:
Explanation: <function>

The sequence is in base 10.
Q: 1,2,4,5
A: ", 8, Explanation: lambda x: (x + 1) ** 2 - 1,,,,,True
33,"Here are some examples of sequence continuations.
Q: 4,5,6,7
A: 8
Q: 10,12,14,16
A: 18
Q: 2176782336,101559956668416,4738381338321616896,221073919720733357899776
A: 10314424798490535546171949056
Q: 16,256,4096,65536
A: 1048576
What is the most likely continuation of the following sequence?
Give the response as a number (with a base prefix if appropriate), with no additional commentary.

The sequence is in base 10.
Q: 2,4,5,7
A: ","
Here are some examples of sequence explanations, i.e. python functions
which generated the preceding sequences base 10. Assume the first number was generated by f(0),
the second by f(1), the third by f(2), and so on.


Q: 4,5,6,7
Explanation: lambda x: [i for i in range(100) if i % (3 + 1) or i % (6 + 1)][(x + 3)]

Q: 10,12,14,16
Explanation: lambda x: (2 * (x + 3)) + 4

Q: 2176782336,101559956668416,4738381338321616896,221073919720733357899776
Explanation: lambda x: 6 ** (6 * (x + 2))

Q: 16,256,4096,65536
Explanation: lambda x: 2 ** (4 * (x + 1))

What is the most likely function which generated the following sequence?
Assume the first number was generated by f(0), the second by f(1), the third by f(2), and so on.
The function should output the number in the same representation as the sequence.
Give the response in the format:
Explanation: <function>

The sequence is in base 10.
Q: 2,4,5,7
A: ", 11, Explanation: lambda x: (x + 2) ** 2 - 1,,,,,True
34,"Here are some examples of sequence continuations.
Q: 4,5,6,7
A: 8
Q: 10,12,14,16
A: 18
Q: 2176782336,101559956668416,4738381338321616896,221073919720733357899776
A: 10314424798490535546171949056
Q: 16,256,4096,65536
A: 1048576
What is the most likely continuation of the following sequence?
Give the response as a number (with a base prefix if appropriate), with no additional commentary.

The sequence is in base 10.
Q: 5,7,8,10
A: ","
Here are some examples of sequence explanations, i.e. python functions
which generated the preceding sequences base 10. Assume the first number was generated by f(0),
the second by f(1), the third by f(2), and so on.


Q: 4,5,6,7
Explanation: lambda x: [i for i in range(100) if i % (3 + 1) or i % (6 + 1)][(x + 3)]

Q: 10,12,14,16
Explanation: lambda x: (2 * (x + 3)) + 4

Q: 2176782336,101559956668416,4738381338321616896,221073919720733357899776
Explanation: lambda x: 6 ** (6 * (x + 2))

Q: 16,256,4096,65536
Explanation: lambda x: 2 ** (4 * (x + 1))

What is the most likely function which generated the following sequence?
Assume the first number was generated by f(0), the second by f(1), the third by f(2), and so on.
The function should output the number in the same representation as the sequence.
Give the response in the format:
Explanation: <function>

The sequence is in base 10.
Q: 5,7,8,10
A: ", 12, Explanation: lambda x: (x + 3) ** 2,,,,,True
35,"Here are some examples of sequence continuations.
Q: 4,5,6,7
A: 8
Q: 10,12,14,16
A: 18
Q: 2176782336,101559956668416,4738381338321616896,221073919720733357899776
A: 10314424798490535546171949056
Q: 16,256,4096,65536
A: 1048576
What is the most likely continuation of the following sequence?
Give the response as a number (with a base prefix if appropriate), with no additional commentary.

The sequence is in base 10.
Q: 3,4,5,7
A: ","
Here are some examples of sequence explanations, i.e. python functions
which generated the preceding sequences base 10. Assume the first number was generated by f(0),
the second by f(1), the third by f(2), and so on.


Q: 4,5,6,7
Explanation: lambda x: [i for i in range(100) if i % (3 + 1) or i % (6 + 1)][(x + 3)]

Q: 10,12,14,16
Explanation: lambda x: (2 * (x + 3)) + 4

Q: 2176782336,101559956668416,4738381338321616896,221073919720733357899776
Explanation: lambda x: 6 ** (6 * (x + 2))

Q: 16,256,4096,65536
Explanation: lambda x: 2 ** (4 * (x + 1))

What is the most likely function which generated the following sequence?
Assume the first number was generated by f(0), the second by f(1), the third by f(2), and so on.
The function should output the number in the same representation as the sequence.
Give the response in the format:
Explanation: <function>

The sequence is in base 10.
Q: 3,4,5,7
A: ", 11, Explanation: lambda x: (x + 3) * (x + 2) + 1,,,,,True
36,"Here are some examples of sequence continuations.
Q: 4,5,6,7
A: 8
Q: 10,12,14,16
A: 18
Q: 2176782336,101559956668416,4738381338321616896,221073919720733357899776
A: 10314424798490535546171949056
Q: 16,256,4096,65536
A: 1048576
What is the most likely continuation of the following sequence?
Give the response as a number (with a base prefix if appropriate), with no additional commentary.

The sequence is in base 10.
Q: 1,4,16,64
A: ","
Here are some examples of sequence explanations, i.e. python functions
which generated the preceding sequences base 10. Assume the first number was generated by f(0),
the second by f(1), the third by f(2), and so on.


Q: 4,5,6,7
Explanation: lambda x: [i for i in range(100) if i % (3 + 1) or i % (6 + 1)][(x + 3)]

Q: 10,12,14,16
Explanation: lambda x: (2 * (x + 3)) + 4

Q: 2176782336,101559956668416,4738381338321616896,221073919720733357899776
Explanation: lambda x: 6 ** (6 * (x + 2))

Q: 16,256,4096,65536
Explanation: lambda x: 2 ** (4 * (x + 1))

What is the most likely function which generated the following sequence?
Assume the first number was generated by f(0), the second by f(1), the third by f(2), and so on.
The function should output the number in the same representation as the sequence.
Give the response in the format:
Explanation: <function>

The sequence is in base 10.
Q: 1,4,16,64
A: ", 256, Explanation: lambda x: 2 ** (2 * (x + 1)),,,,,True
37,"Here are some examples of sequence continuations.
Q: 4,5,6,7
A: 8
Q: 10,12,14,16
A: 18
Q: 2176782336,101559956668416,4738381338321616896,221073919720733357899776
A: 10314424798490535546171949056
Q: 16,256,4096,65536
A: 1048576
What is the most likely continuation of the following sequence?
Give the response as a number (with a base prefix if appropriate), with no additional commentary.

The sequence is in base 10.
Q: 4,16,64,256
A: ","
Here are some examples of sequence explanations, i.e. python functions
which generated the preceding sequences base 10. Assume the first number was generated by f(0),
the second by f(1), the third by f(2), and so on.


Q: 4,5,6,7
Explanation: lambda x: [i for i in range(100) if i % (3 + 1) or i % (6 + 1)][(x + 3)]

Q: 10,12,14,16
Explanation: lambda x: (2 * (x + 3)) + 4

Q: 2176782336,101559956668416,4738381338321616896,221073919720733357899776
Explanation: lambda x: 6 ** (6 * (x + 2))

Q: 16,256,4096,65536
Explanation: lambda x: 2 ** (4 * (x + 1))

What is the most likely function which generated the following sequence?
Assume the first number was generated by f(0), the second by f(1), the third by f(2), and so on.
The function should output the number in the same representation as the sequence.
Give the response in the format:
Explanation: <function>

The sequence is in base 10.
Q: 4,16,64,256
A: ", 1024, Explanation: lambda x: 4 ** (4 * (x + 1)),,,,,True
38,"Here are some examples of sequence continuations.
Q: 4,5,6,7
A: 8
Q: 10,12,14,16
A: 18
Q: 2176782336,101559956668416,4738381338321616896,221073919720733357899776
A: 10314424798490535546171949056
Q: 16,256,4096,65536
A: 1048576
What is the most likely continuation of the following sequence?
Give the response as a number (with a base prefix if appropriate), with no additional commentary.

The sequence is in base 10.
Q: 16,64,256,1024
A: ","
Here are some examples of sequence explanations, i.e. python functions
which generated the preceding sequences base 10. Assume the first number was generated by f(0),
the second by f(1), the third by f(2), and so on.


Q: 4,5,6,7
Explanation: lambda x: [i for i in range(100) if i % (3 + 1) or i % (6 + 1)][(x + 3)]

Q: 10,12,14,16
Explanation: lambda x: (2 * (x + 3)) + 4

Q: 2176782336,101559956668416,4738381338321616896,221073919720733357899776
Explanation: lambda x: 6 ** (6 * (x + 2))

Q: 16,256,4096,65536
Explanation: lambda x: 2 ** (4 * (x + 1))

What is the most likely function which generated the following sequence?
Assume the first number was generated by f(0), the second by f(1), the third by f(2), and so on.
The function should output the number in the same representation as the sequence.
Give the response in the format:
Explanation: <function>

The sequence is in base 10.
Q: 16,64,256,1024
A: ", 4096, Explanation: lambda x: 4 ** (4 * (x + 1)),,,,,True
39,"Here are some examples of sequence continuations.
Q: 4,5,6,7
A: 8
Q: 10,12,14,16
A: 18
Q: 2176782336,101559956668416,4738381338321616896,221073919720733357899776
A: 10314424798490535546171949056
Q: 16,256,4096,65536
A: 1048576
What is the most likely continuation of the following sequence?
Give the response as a number (with a base prefix if appropriate), with no additional commentary.

The sequence is in base 10.
Q: 64,256,1024,4096
A: ","
Here are some examples of sequence explanations, i.e. python functions
which generated the preceding sequences base 10. Assume the first number was generated by f(0),
the second by f(1), the third by f(2), and so on.


Q: 4,5,6,7
Explanation: lambda x: [i for i in range(100) if i % (3 + 1) or i % (6 + 1)][(x + 3)]

Q: 10,12,14,16
Explanation: lambda x: (2 * (x + 3)) + 4

Q: 2176782336,101559956668416,4738381338321616896,221073919720733357899776
Explanation: lambda x: 6 ** (6 * (x + 2))

Q: 16,256,4096,65536
Explanation: lambda x: 2 ** (4 * (x + 1))

What is the most likely function which generated the following sequence?
Assume the first number was generated by f(0), the second by f(1), the third by f(2), and so on.
The function should output the number in the same representation as the sequence.
Give the response in the format:
Explanation: <function>

The sequence is in base 10.
Q: 64,256,1024,4096
A: ", 16384, Explanation: lambda x: 4 ** (4 * (x + 1)),,,,,True
40,"Here are some examples of sequence continuations.
Q: 4,5,6,7
A: 8
Q: 10,12,14,16
A: 18
Q: 2176782336,101559956668416,4738381338321616896,221073919720733357899776
A: 10314424798490535546171949056
Q: 16,256,4096,65536
A: 1048576
What is the most likely continuation of the following sequence?
Give the response as a number (with a base prefix if appropriate), with no additional commentary.

The sequence is in base 10.
Q: 1,5,9,13
A: ","
Here are some examples of sequence explanations, i.e. python functions
which generated the preceding sequences base 10. Assume the first number was generated by f(0),
the second by f(1), the third by f(2), and so on.


Q: 4,5,6,7
Explanation: lambda x: [i for i in range(100) if i % (3 + 1) or i % (6 + 1)][(x + 3)]

Q: 10,12,14,16
Explanation: lambda x: (2 * (x + 3)) + 4

Q: 2176782336,101559956668416,4738381338321616896,221073919720733357899776
Explanation: lambda x: 6 ** (6 * (x + 2))

Q: 16,256,4096,65536
Explanation: lambda x: 2 ** (4 * (x + 1))

What is the most likely function which generated the following sequence?
Assume the first number was generated by f(0), the second by f(1), the third by f(2), and so on.
The function should output the number in the same representation as the sequence.
Give the response in the format:
Explanation: <function>

The sequence is in base 10.
Q: 1,5,9,13
A: ", 17, Explanation: lambda x: (2 * (x + 1)) + 1,,,,,True
41,"Here are some examples of sequence continuations.
Q: 4,5,6,7
A: 8
Q: 10,12,14,16
A: 18
Q: 2176782336,101559956668416,4738381338321616896,221073919720733357899776
A: 10314424798490535546171949056
Q: 16,256,4096,65536
A: 1048576
What is the most likely continuation of the following sequence?
Give the response as a number (with a base prefix if appropriate), with no additional commentary.

The sequence is in base 10.
Q: 5,9,13,17
A: ","
Here are some examples of sequence explanations, i.e. python functions
which generated the preceding sequences base 10. Assume the first number was generated by f(0),
the second by f(1), the third by f(2), and so on.


Q: 4,5,6,7
Explanation: lambda x: [i for i in range(100) if i % (3 + 1) or i % (6 + 1)][(x + 3)]

Q: 10,12,14,16
Explanation: lambda x: (2 * (x + 3)) + 4

Q: 2176782336,101559956668416,4738381338321616896,221073919720733357899776
Explanation: lambda x: 6 ** (6 * (x + 2))

Q: 16,256,4096,65536
Explanation: lambda x: 2 ** (4 * (x + 1))

What is the most likely function which generated the following sequence?
Assume the first number was generated by f(0), the second by f(1), the third by f(2), and so on.
The function should output the number in the same representation as the sequence.
Give the response in the format:
Explanation: <function>

The sequence is in base 10.
Q: 5,9,13,17
A: ", 21, Explanation: lambda x: (4 * (x + 1)) + 1,,,,,True
42,"Here are some examples of sequence continuations.
Q: 4,5,6,7
A: 8
Q: 10,12,14,16
A: 18
Q: 2176782336,101559956668416,4738381338321616896,221073919720733357899776
A: 10314424798490535546171949056
Q: 16,256,4096,65536
A: 1048576
What is the most likely continuation of the following sequence?
Give the response as a number (with a base prefix if appropriate), with no additional commentary.

The sequence is in base 10.
Q: 9,13,17,21
A: ","
Here are some examples of sequence explanations, i.e. python functions
which generated the preceding sequences base 10. Assume the first number was generated by f(0),
the second by f(1), the third by f(2), and so on.


Q: 4,5,6,7
Explanation: lambda x: [i for i in range(100) if i % (3 + 1) or i % (6 + 1)][(x + 3)]

Q: 10,12,14,16
Explanation: lambda x: (2 * (x + 3)) + 4

Q: 2176782336,101559956668416,4738381338321616896,221073919720733357899776
Explanation: lambda x: 6 ** (6 * (x + 2))

Q: 16,256,4096,65536
Explanation: lambda x: 2 ** (4 * (x + 1))

What is the most likely function which generated the following sequence?
Assume the first number was generated by f(0), the second by f(1), the third by f(2), and so on.
The function should output the number in the same representation as the sequence.
Give the response in the format:
Explanation: <function>

The sequence is in base 10.
Q: 9,13,17,21
A: ", 25, Explanation: lambda x: (4 * (x + 1)) + 5,,,,,True
43,"Here are some examples of sequence continuations.
Q: 4,5,6,7
A: 8
Q: 10,12,14,16
A: 18
Q: 2176782336,101559956668416,4738381338321616896,221073919720733357899776
A: 10314424798490535546171949056
Q: 16,256,4096,65536
A: 1048576
What is the most likely continuation of the following sequence?
Give the response as a number (with a base prefix if appropriate), with no additional commentary.

The sequence is in base 10.
Q: 13,17,21,25
A: ","
Here are some examples of sequence explanations, i.e. python functions
which generated the preceding sequences base 10. Assume the first number was generated by f(0),
the second by f(1), the third by f(2), and so on.


Q: 4,5,6,7
Explanation: lambda x: [i for i in range(100) if i % (3 + 1) or i % (6 + 1)][(x + 3)]

Q: 10,12,14,16
Explanation: lambda x: (2 * (x + 3)) + 4

Q: 2176782336,101559956668416,4738381338321616896,221073919720733357899776
Explanation: lambda x: 6 ** (6 * (x + 2))

Q: 16,256,4096,65536
Explanation: lambda x: 2 ** (4 * (x + 1))

What is the most likely function which generated the following sequence?
Assume the first number was generated by f(0), the second by f(1), the third by f(2), and so on.
The function should output the number in the same representation as the sequence.
Give the response in the format:
Explanation: <function>

The sequence is in base 10.
Q: 13,17,21,25
A: ", 29, Explanation: lambda x: (4 * (x + 1)) + 9,,,,,True
44,"Here are some examples of sequence continuations.
Q: 4,5,6,7
A: 8
Q: 10,12,14,16
A: 18
Q: 2176782336,101559956668416,4738381338321616896,221073919720733357899776
A: 10314424798490535546171949056
Q: 16,256,4096,65536
A: 1048576
What is the most likely continuation of the following sequence?
Give the response as a number (with a base prefix if appropriate), with no additional commentary.

The sequence is in base 10.
Q: 1,2,3,5
A: ","
Here are some examples of sequence explanations, i.e. python functions
which generated the preceding sequences base 10. Assume the first number was generated by f(0),
the second by f(1), the third by f(2), and so on.


Q: 4,5,6,7
Explanation: lambda x: [i for i in range(100) if i % (3 + 1) or i % (6 + 1)][(x + 3)]

Q: 10,12,14,16
Explanation: lambda x: (2 * (x + 3)) + 4

Q: 2176782336,101559956668416,4738381338321616896,221073919720733357899776
Explanation: lambda x: 6 ** (6 * (x + 2))

Q: 16,256,4096,65536
Explanation: lambda x: 2 ** (4 * (x + 1))

What is the most likely function which generated the following sequence?
Assume the first number was generated by f(0), the second by f(1), the third by f(2), and so on.
The function should output the number in the same representation as the sequence.
Give the response in the format:
Explanation: <function>

The sequence is in base 10.
Q: 1,2,3,5
A: ", 8, Explanation: lambda x: (x + 1) ** 2 - (x + 1),,,,,True
45,"Here are some examples of sequence continuations.
Q: 4,5,6,7
A: 8
Q: 10,12,14,16
A: 18
Q: 2176782336,101559956668416,4738381338321616896,221073919720733357899776
A: 10314424798490535546171949056
Q: 16,256,4096,65536
A: 1048576
What is the most likely continuation of the following sequence?
Give the response as a number (with a base prefix if appropriate), with no additional commentary.

The sequence is in base 10.
Q: 2,3,5,6
A: ","
Here are some examples of sequence explanations, i.e. python functions
which generated the preceding sequences base 10. Assume the first number was generated by f(0),
the second by f(1), the third by f(2), and so on.


Q: 4,5,6,7
Explanation: lambda x: [i for i in range(100) if i % (3 + 1) or i % (6 + 1)][(x + 3)]

Q: 10,12,14,16
Explanation: lambda x: (2 * (x + 3)) + 4

Q: 2176782336,101559956668416,4738381338321616896,221073919720733357899776
Explanation: lambda x: 6 ** (6 * (x + 2))

Q: 16,256,4096,65536
Explanation: lambda x: 2 ** (4 * (x + 1))

What is the most likely function which generated the following sequence?
Assume the first number was generated by f(0), the second by f(1), the third by f(2), and so on.
The function should output the number in the same representation as the sequence.
Give the response in the format:
Explanation: <function>

The sequence is in base 10.
Q: 2,3,5,6
A: ", 10, Explanation: lambda x: (x + 2) ** 2,,,,,True
46,"Here are some examples of sequence continuations.
Q: 4,5,6,7
A: 8
Q: 10,12,14,16
A: 18
Q: 2176782336,101559956668416,4738381338321616896,221073919720733357899776
A: 10314424798490535546171949056
Q: 16,256,4096,65536
A: 1048576
What is the most likely continuation of the following sequence?
Give the response as a number (with a base prefix if appropriate), with no additional commentary.

The sequence is in base 10.
Q: 3,5,6,7
A: ","
Here are some examples of sequence explanations, i.e. python functions
which generated the preceding sequences base 10. Assume the first number was generated by f(0),
the second by f(1), the third by f(2), and so on.


Q: 4,5,6,7
Explanation: lambda x: [i for i in range(100) if i % (3 + 1) or i % (6 + 1)][(x + 3)]

Q: 10,12,14,16
Explanation: lambda x: (2 * (x + 3)) + 4

Q: 2176782336,101559956668416,4738381338321616896,221073919720733357899776
Explanation: lambda x: 6 ** (6 * (x + 2))

Q: 16,256,4096,65536
Explanation: lambda x: 2 ** (4 * (x + 1))

What is the most likely function which generated the following sequence?
Assume the first number was generated by f(0), the second by f(1), the third by f(2), and so on.
The function should output the number in the same representation as the sequence.
Give the response in the format:
Explanation: <function>

The sequence is in base 10.
Q: 3,5,6,7
A: ", 8,"
Explanation: lambda x: (x + 3) * 2 - 1","[5, 7, 9, 11]",13.0,False,False,False
47,"Here are some examples of sequence continuations.
Q: 4,5,6,7
A: 8
Q: 10,12,14,16
A: 18
Q: 2176782336,101559956668416,4738381338321616896,221073919720733357899776
A: 10314424798490535546171949056
Q: 16,256,4096,65536
A: 1048576
What is the most likely continuation of the following sequence?
Give the response as a number (with a base prefix if appropriate), with no additional commentary.

The sequence is in base 10.
Q: 5,6,7,9
A: ","
Here are some examples of sequence explanations, i.e. python functions
which generated the preceding sequences base 10. Assume the first number was generated by f(0),
the second by f(1), the third by f(2), and so on.


Q: 4,5,6,7
Explanation: lambda x: [i for i in range(100) if i % (3 + 1) or i % (6 + 1)][(x + 3)]

Q: 10,12,14,16
Explanation: lambda x: (2 * (x + 3)) + 4

Q: 2176782336,101559956668416,4738381338321616896,221073919720733357899776
Explanation: lambda x: 6 ** (6 * (x + 2))

Q: 16,256,4096,65536
Explanation: lambda x: 2 ** (4 * (x + 1))

What is the most likely function which generated the following sequence?
Assume the first number was generated by f(0), the second by f(1), the third by f(2), and so on.
The function should output the number in the same representation as the sequence.
Give the response in the format:
Explanation: <function>

The sequence is in base 10.
Q: 5,6,7,9
A: ", 11, Explanation: lambda x: (x + 5) ** 2,,,,,True
48,"Here are some examples of sequence continuations.
Q: 4,5,6,7
A: 8
Q: 10,12,14,16
A: 18
Q: 2176782336,101559956668416,4738381338321616896,221073919720733357899776
A: 10314424798490535546171949056
Q: 16,256,4096,65536
A: 1048576
What is the most likely continuation of the following sequence?
Give the response as a number (with a base prefix if appropriate), with no additional commentary.

The sequence is in base 10.
Q: 5,6,7,8
A: ","
Here are some examples of sequence explanations, i.e. python functions
which generated the preceding sequences base 10. Assume the first number was generated by f(0),
the second by f(1), the third by f(2), and so on.


Q: 4,5,6,7
Explanation: lambda x: [i for i in range(100) if i % (3 + 1) or i % (6 + 1)][(x + 3)]

Q: 10,12,14,16
Explanation: lambda x: (2 * (x + 3)) + 4

Q: 2176782336,101559956668416,4738381338321616896,221073919720733357899776
Explanation: lambda x: 6 ** (6 * (x + 2))

Q: 16,256,4096,65536
Explanation: lambda x: 2 ** (4 * (x + 1))

What is the most likely function which generated the following sequence?
Assume the first number was generated by f(0), the second by f(1), the third by f(2), and so on.
The function should output the number in the same representation as the sequence.
Give the response in the format:
Explanation: <function>

The sequence is in base 10.
Q: 5,6,7,8
A: ", 9, Explanation: lambda x: (x + 5),,,,,True
49,"Here are some examples of sequence continuations.
Q: 4,5,6,7
A: 8
Q: 10,12,14,16
A: 18
Q: 2176782336,101559956668416,4738381338321616896,221073919720733357899776
A: 10314424798490535546171949056
Q: 16,256,4096,65536
A: 1048576
What is the most likely continuation of the following sequence?
Give the response as a number (with a base prefix if appropriate), with no additional commentary.

The sequence is in base 10.
Q: 2,6,10,14
A: ","
Here are some examples of sequence explanations, i.e. python functions
which generated the preceding sequences base 10. Assume the first number was generated by f(0),
the second by f(1), the third by f(2), and so on.


Q: 4,5,6,7
Explanation: lambda x: [i for i in range(100) if i % (3 + 1) or i % (6 + 1)][(x + 3)]

Q: 10,12,14,16
Explanation: lambda x: (2 * (x + 3)) + 4

Q: 2176782336,101559956668416,4738381338321616896,221073919720733357899776
Explanation: lambda x: 6 ** (6 * (x + 2))

Q: 16,256,4096,65536
Explanation: lambda x: 2 ** (4 * (x + 1))

What is the most likely function which generated the following sequence?
Assume the first number was generated by f(0), the second by f(1), the third by f(2), and so on.
The function should output the number in the same representation as the sequence.
Give the response in the format:
Explanation: <function>

The sequence is in base 10.
Q: 2,6,10,14
A: ", 18, Explanation: lambda x: (2 * (x + 1)) + 4,,,,,True
50,"Here are some examples of sequence continuations.
Q: 4,5,6,7
A: 8
Q: 10,12,14,16
A: 18
Q: 2176782336,101559956668416,4738381338321616896,221073919720733357899776
A: 10314424798490535546171949056
Q: 16,256,4096,65536
A: 1048576
What is the most likely continuation of the following sequence?
Give the response as a number (with a base prefix if appropriate), with no additional commentary.

The sequence is in base 10.
Q: 6,10,14,18
A: ","
Here are some examples of sequence explanations, i.e. python functions
which generated the preceding sequences base 10. Assume the first number was generated by f(0),
the second by f(1), the third by f(2), and so on.


Q: 4,5,6,7
Explanation: lambda x: [i for i in range(100) if i % (3 + 1) or i % (6 + 1)][(x + 3)]

Q: 10,12,14,16
Explanation: lambda x: (2 * (x + 3)) + 4

Q: 2176782336,101559956668416,4738381338321616896,221073919720733357899776
Explanation: lambda x: 6 ** (6 * (x + 2))

Q: 16,256,4096,65536
Explanation: lambda x: 2 ** (4 * (x + 1))

What is the most likely function which generated the following sequence?
Assume the first number was generated by f(0), the second by f(1), the third by f(2), and so on.
The function should output the number in the same representation as the sequence.
Give the response in the format:
Explanation: <function>

The sequence is in base 10.
Q: 6,10,14,18
A: ", 22, Explanation: lambda x: (2 * (x + 4)) + 2,,,,,True
51,"Here are some examples of sequence continuations.
Q: 4,5,6,7
A: 8
Q: 10,12,14,16
A: 18
Q: 2176782336,101559956668416,4738381338321616896,221073919720733357899776
A: 10314424798490535546171949056
Q: 16,256,4096,65536
A: 1048576
What is the most likely continuation of the following sequence?
Give the response as a number (with a base prefix if appropriate), with no additional commentary.

The sequence is in base 10.
Q: 10,14,18,22
A: ","
Here are some examples of sequence explanations, i.e. python functions
which generated the preceding sequences base 10. Assume the first number was generated by f(0),
the second by f(1), the third by f(2), and so on.


Q: 4,5,6,7
Explanation: lambda x: [i for i in range(100) if i % (3 + 1) or i % (6 + 1)][(x + 3)]

Q: 10,12,14,16
Explanation: lambda x: (2 * (x + 3)) + 4

Q: 2176782336,101559956668416,4738381338321616896,221073919720733357899776
Explanation: lambda x: 6 ** (6 * (x + 2))

Q: 16,256,4096,65536
Explanation: lambda x: 2 ** (4 * (x + 1))

What is the most likely function which generated the following sequence?
Assume the first number was generated by f(0), the second by f(1), the third by f(2), and so on.
The function should output the number in the same representation as the sequence.
Give the response in the format:
Explanation: <function>

The sequence is in base 10.
Q: 10,14,18,22
A: ", 26, Explanation: lambda x: (4 * (x + 1)) + 6,,,,,True
52,"Here are some examples of sequence continuations.
Q: 4,5,6,7
A: 8
Q: 10,12,14,16
A: 18
Q: 2176782336,101559956668416,4738381338321616896,221073919720733357899776
A: 10314424798490535546171949056
Q: 16,256,4096,65536
A: 1048576
What is the most likely continuation of the following sequence?
Give the response as a number (with a base prefix if appropriate), with no additional commentary.

The sequence is in base 10.
Q: 14,18,22,26
A: ","
Here are some examples of sequence explanations, i.e. python functions
which generated the preceding sequences base 10. Assume the first number was generated by f(0),
the second by f(1), the third by f(2), and so on.


Q: 4,5,6,7
Explanation: lambda x: [i for i in range(100) if i % (3 + 1) or i % (6 + 1)][(x + 3)]

Q: 10,12,14,16
Explanation: lambda x: (2 * (x + 3)) + 4

Q: 2176782336,101559956668416,4738381338321616896,221073919720733357899776
Explanation: lambda x: 6 ** (6 * (x + 2))

Q: 16,256,4096,65536
Explanation: lambda x: 2 ** (4 * (x + 1))

What is the most likely function which generated the following sequence?
Assume the first number was generated by f(0), the second by f(1), the third by f(2), and so on.
The function should output the number in the same representation as the sequence.
Give the response in the format:
Explanation: <function>

The sequence is in base 10.
Q: 14,18,22,26
A: ", 30, Explanation: lambda x: (4 * (x + 1)) + 10,,,,,True
53,"Here are some examples of sequence continuations.
Q: 4,5,6,7
A: 8
Q: 10,12,14,16
A: 18
Q: 2176782336,101559956668416,4738381338321616896,221073919720733357899776
A: 10314424798490535546171949056
Q: 16,256,4096,65536
A: 1048576
What is the most likely continuation of the following sequence?
Give the response as a number (with a base prefix if appropriate), with no additional commentary.

The sequence is in base 10.
Q: 0,6,12,18
A: ","
Here are some examples of sequence explanations, i.e. python functions
which generated the preceding sequences base 10. Assume the first number was generated by f(0),
the second by f(1), the third by f(2), and so on.


Q: 4,5,6,7
Explanation: lambda x: [i for i in range(100) if i % (3 + 1) or i % (6 + 1)][(x + 3)]

Q: 10,12,14,16
Explanation: lambda x: (2 * (x + 3)) + 4

Q: 2176782336,101559956668416,4738381338321616896,221073919720733357899776
Explanation: lambda x: 6 ** (6 * (x + 2))

Q: 16,256,4096,65536
Explanation: lambda x: 2 ** (4 * (x + 1))

What is the most likely function which generated the following sequence?
Assume the first number was generated by f(0), the second by f(1), the third by f(2), and so on.
The function should output the number in the same representation as the sequence.
Give the response in the format:
Explanation: <function>

The sequence is in base 10.
Q: 0,6,12,18
A: ", 24, Explanation: lambda x: (6 * (x + 1)),,,,,True
54,"Here are some examples of sequence continuations.
Q: 4,5,6,7
A: 8
Q: 10,12,14,16
A: 18
Q: 2176782336,101559956668416,4738381338321616896,221073919720733357899776
A: 10314424798490535546171949056
Q: 16,256,4096,65536
A: 1048576
What is the most likely continuation of the following sequence?
Give the response as a number (with a base prefix if appropriate), with no additional commentary.

The sequence is in base 10.
Q: 6,12,18,24
A: ","
Here are some examples of sequence explanations, i.e. python functions
which generated the preceding sequences base 10. Assume the first number was generated by f(0),
the second by f(1), the third by f(2), and so on.


Q: 4,5,6,7
Explanation: lambda x: [i for i in range(100) if i % (3 + 1) or i % (6 + 1)][(x + 3)]

Q: 10,12,14,16
Explanation: lambda x: (2 * (x + 3)) + 4

Q: 2176782336,101559956668416,4738381338321616896,221073919720733357899776
Explanation: lambda x: 6 ** (6 * (x + 2))

Q: 16,256,4096,65536
Explanation: lambda x: 2 ** (4 * (x + 1))

What is the most likely function which generated the following sequence?
Assume the first number was generated by f(0), the second by f(1), the third by f(2), and so on.
The function should output the number in the same representation as the sequence.
Give the response in the format:
Explanation: <function>

The sequence is in base 10.
Q: 6,12,18,24
A: ", 30, Explanation: lambda x: (6 * (x + 1)),,,,,True
55,"Here are some examples of sequence continuations.
Q: 4,5,6,7
A: 8
Q: 10,12,14,16
A: 18
Q: 2176782336,101559956668416,4738381338321616896,221073919720733357899776
A: 10314424798490535546171949056
Q: 16,256,4096,65536
A: 1048576
What is the most likely continuation of the following sequence?
Give the response as a number (with a base prefix if appropriate), with no additional commentary.

The sequence is in base 10.
Q: 12,18,24,30
A: ","
Here are some examples of sequence explanations, i.e. python functions
which generated the preceding sequences base 10. Assume the first number was generated by f(0),
the second by f(1), the third by f(2), and so on.


Q: 4,5,6,7
Explanation: lambda x: [i for i in range(100) if i % (3 + 1) or i % (6 + 1)][(x + 3)]

Q: 10,12,14,16
Explanation: lambda x: (2 * (x + 3)) + 4

Q: 2176782336,101559956668416,4738381338321616896,221073919720733357899776
Explanation: lambda x: 6 ** (6 * (x + 2))

Q: 16,256,4096,65536
Explanation: lambda x: 2 ** (4 * (x + 1))

What is the most likely function which generated the following sequence?
Assume the first number was generated by f(0), the second by f(1), the third by f(2), and so on.
The function should output the number in the same representation as the sequence.
Give the response in the format:
Explanation: <function>

The sequence is in base 10.
Q: 12,18,24,30
A: ", 36, Explanation: lambda x: (6 * (x + 1)) + 6,,,,,True
56,"Here are some examples of sequence continuations.
Q: 4,5,6,7
A: 8
Q: 10,12,14,16
A: 18
Q: 2176782336,101559956668416,4738381338321616896,221073919720733357899776
A: 10314424798490535546171949056
Q: 16,256,4096,65536
A: 1048576
What is the most likely continuation of the following sequence?
Give the response as a number (with a base prefix if appropriate), with no additional commentary.

The sequence is in base 10.
Q: 18,24,30,36
A: ","
Here are some examples of sequence explanations, i.e. python functions
which generated the preceding sequences base 10. Assume the first number was generated by f(0),
the second by f(1), the third by f(2), and so on.


Q: 4,5,6,7
Explanation: lambda x: [i for i in range(100) if i % (3 + 1) or i % (6 + 1)][(x + 3)]

Q: 10,12,14,16
Explanation: lambda x: (2 * (x + 3)) + 4

Q: 2176782336,101559956668416,4738381338321616896,221073919720733357899776
Explanation: lambda x: 6 ** (6 * (x + 2))

Q: 16,256,4096,65536
Explanation: lambda x: 2 ** (4 * (x + 1))

What is the most likely function which generated the following sequence?
Assume the first number was generated by f(0), the second by f(1), the third by f(2), and so on.
The function should output the number in the same representation as the sequence.
Give the response in the format:
Explanation: <function>

The sequence is in base 10.
Q: 18,24,30,36
A: ", 42, Explanation: lambda x: (6 * (x + 2)) + 12,,,,,True
